iteration,10000
eta,3e-10
period,7
sgd,0
batch,50
feature,0,5,6,7,8,9,11,14,15,
average Ein,7.0537990033336628
final Ein,6.3007760616117627
validation,0
Ev,0
b,1.0002516937386163
w,-0.0070973857702394012,-0.0072798376209412827,-0.0034018180644589491,-0.0028122064011858309,-0.00059343960558001319,0.0013711377920752341,0.0085979809880317882,
w,-0.01352596045394474,-0.013462463718124732,-0.01246676569223076,-0.018356783906575795,-0.01591341070063745,0.033164903114280199,0.10425152959154753,
w,-0.0058175909456679867,-0.011737191740496112,-0.014237230602406495,-0.021869084622381473,-0.012339343877010441,0.046103244804642507,0.11728109878791251,
w,-0.0045867369219138795,-0.01359287215286022,-0.016934278429563535,-0.023555639582414103,-0.014330527176728862,0.023557052756366617,0.080078857782340543,
w,0.009852000534983545,-0.0073991759841034715,-0.012570882883421758,0.029871750729329551,-0.024437462134010716,-0.030019651410833171,0.10197852755285107,
w,0.033479851124052926,0.010264007768645401,0.028880918805438839,0.05376467533759987,-0.17186795437139998,0.15578963248495076,0.67864421773445016,
w,0.0047074808632641772,-0.004209834334314615,-0.0064164878337736597,-0.002858610878638139,-0.013765084489499872,-0.0019621383269080757,-0.00022162477852119035,
w,-0.00084636899083622016,0.0027807455221964513,0.00044776309022211889,0.0012539936473417747,-0.0028781029006388951,0.0016183555257927135,0.0015975584752668979,
w,0.00038840464538742131,-0.0022329393764276375,0.0013498637653754856,-0.00026289849789359096,-0.0016279763266415384,-0.003134730942247315,0.00085017271387480655,
