iteration,10000
eta,3e-10
period,7
sgd,0
batch,50
feature,5,7,9,11,14,15,
average Ein,7.226952599183611
final Ein,6.3633722934864139
validation,0
Ev,0
b,1.0010781709835204
w,-0.027555306514102606,-0.03053121539684826,-0.024306405394756467,-0.016805516005927203,0.01856310494398335,0.10812062334795385,0.20393295951954843,
w,-0.0038053753434306053,-0.01128052112234278,-0.012749981594045171,-0.018806723955727096,-0.012234982628677818,0.019967832857413957,0.080508546972904813,
w,0.03867962226785561,0.0093883435193430724,0.02834191392426463,0.056270464277895595,-0.1821003898328464,0.1656984106578745,0.74157696061559775,
w,0.016269633567078116,0.0026006161476524498,-0.00299965808879417,-0.0028849080956517368,-0.017047199215927566,-0.0084828412094251435,-0.0099339182806784804,
w,-0.00089999039581505763,0.0029867568747051756,0.00052455952405211503,0.0013290229166264028,-0.0028679788937039496,0.0018871184145551098,0.0026496732871765074,
w,0.00016941545742532542,-0.0024914149416211595,0.00067112064848353411,-0.00061562058589687051,-0.0014029733004189322,-0.0029644763275584012,0.0010643552760914584,
